,Code,Country,Population,GDP per Capita
0,AFG,Afghanistan,32526562,594.3230812
1,ALB,Albania,2889167,3945.217582
2,ALG,Algeria,39666519,4206.031232
3,ASA,American Samoa*,55538,
4,AND,Andorra,70473,
5,ANG,Angola,25021974,4101.472152
6,ANT,Antigua and Barbuda,91818,13714.73196
7,ARG,Argentina,43416755,13431.87834
8,ARM,Armenia,3017712,3489.12769
9,ARU,Aruba*,103889,
10,AUS,Australia,23781169,56310.96299
11,AUT,Austria,8611088,43774.98517
12,AZE,Azerbaijan,9651349,5496.34464
13,BAH,Bahamas,388019,22817.23086
14,BRN,Bahrain,1377237,22600.2141
15,BAN,Bangladesh,160995642,1211.701531
16,BAR,Barbados,284215,15429.34046
17,BLR,Belarus,9513000,5740.456495
18,BEL,Belgium,11285721,40324.02777
19,BIZ,Belize,359287,4878.721267
20,BER,Bermuda*,65235,
21,BEN,Benin,10879829,762.0512054
22,BHU,Bhutan,774830,2655.998892
23,BOL,Bolivia,10724705,3076.791811
24,BIH,Bosnia and Herzegovina,3810416,4249.330313
25,BOT,Botswana,2262485,6360.13822
26,BRA,Brazil,207847528,8538.589975
27,IVB,British Virgin Islands,30117,
28,BRU,Brunei,423188,30554.72967
29,BUL,Bulgaria,7177991,6993.47736
30,BUR,Burkina Faso,18105570,589.7744141
31,BDI,Burundi,11178921,277.0683092
32,CAM,Cambodia,15577899,1158.689904
33,CMR,Cameroon,23344179,1217.26067
34,CAN,Canada,35851774,43248.52991
35,CPV,Cape Verde,520502,3080.178814
36,CAY,Cayman Islands*,59967,
37,CAF,Central African Republic,4900274,323.201674
38,CHA,Chad,14037472,775.6950905
39,CHI,Chile,17948141,13416.23004
40,CHN,China,1371220000,8027.68381
41,COL,Colombia,48228704,6056.147717
42,COM,Comoros,788474,717.44885
43,CGO,Congo,4620330,1851.199916
44,COD,"Congo, Dem Rep",77266814,456.0527405
45,COK,Cook Islands,,
46,CRC,Costa Rica,4807850,11260.09216
47,CIV,Cote d'Ivoire,22701556,1398.989958
48,CRO,Croatia,4224404,11535.82936
49,CUB,Cuba,11389562,
50,CYP,Cyprus,1165300,23242.84007
51,CZE,Czech Republic,10551219,17548.33821
52,TCH,Czechoslovakia,,
53,DEN,Denmark,5676002,51989.29347
54,DJI,Djibouti,887861,1945.124293
55,DMA,Dominica,72680,7116.386392
56,DOM,Dominican Republic,10528391,6468.473492
57,TLS,East Timor (Timor-Leste),1245015,1157.992956
58,ECU,Ecuador,16144363,6205.064145
59,EGY,Egypt,91508084,3614.746766
60,ESA,El Salvador,6126583,4219.35033
61,GEQ,Equatorial Guinea,845060,14439.59445
62,ERI,Eritrea,,
63,EST,Estonia,1311998,17118.5042
64,ETH,Ethiopia,99390750,619.1694065
65,FIJ,Fiji,892145,4960.519954
66,FIN,Finland,5482013,42311.03623
67,FRA,France,66808385,36205.5681
68,GAB,Gabon,1725292,8266.445605
69,GAM,Gambia,1990924,471.5371955
70,GEO,Georgia,3679000,3795.973308
71,GER,Germany,81413145,41313.31399
72,GHA,Ghana,27409893,1369.701122
73,GRE,Greece,10823732,18002.23058
74,GRN,Grenada,106825,9212.020352
75,GUM,Guam,169885,
76,GUA,Guatemala,16342897,3903.478856
77,GUI,Guinea,12608590,531.3205952
78,GBS,Guinea-Bissau,1844325,572.9884285
79,GUY,Guyana,767085,4127.351018
80,HAI,Haiti,10711067,818.3432976
81,HON,Honduras,8075060,2528.89355
82,HKG,Hong Kong*,7305700,42327.83996
83,HUN,Hungary,9844686,12363.54346
84,ISL,Iceland,330823,50173.33992
85,IND,India,1311050527,1598.259034
86,INA,Indonesia,257563815,3346.487039
87,IRI,Iran,79109272,
88,IRQ,Iraq,36423395,4943.760388
89,IRL,Ireland,4640703,61133.67243
90,ISR,Israel,8380400,35728.0935
91,ITA,Italy,60802085,29957.80432
92,JAM,Jamaica,2725941,5232.024583
93,JPN,Japan,126958472,32477.21514
94,JOR,Jordan,7594547,4940.045836
95,KAZ,Kazakhstan,17544126,10509.98107
96,KEN,Kenya,46050302,1376.712829
97,PRK,"Korea, North",25155317,
98,KOR,"Korea, South",50617045,27221.52405
99,KUW,Kuwait,3892115,29300.57558
100,KGZ,Kyrgyzstan,5957000,1103.215352
101,LAO,Laos,6802023,1818.441373
102,LAT,Latvia,1978440,13648.54756
103,LIB,Lebanon,5850743,8047.645086
104,LES,Lesotho,2135022,1066.985626
105,LBR,Liberia,4503438,455.8739345
106,LBA,Libya,6278438,
107,LIE,Liechtenstein,37531,
108,LTU,Lithuania,2910199,14147.04938
109,LUX,Luxembourg,569676,101449.9682
110,MKD,Macedonia,2078453,4852.657848
111,MAD,Madagascar,24235390,401.836006
112,MAW,Malawi,17215232,371.9857478
113,MAS,Malaysia,30331007,9768.32686
114,MDV,Maldives,409163,8395.785198
115,MLI,Mali,17599694,724.2562832
116,MLT,Malta,431333,22596.18177
117,MTN,Mauritania,4067564,
118,MRI,Mauritius,1262605,9252.110724
119,MEX,Mexico,127017224,9005.024265
120,FSM,Micronesia,104460,3015.231668
120,MDA,Moldova,3554150,1848.061804
121,MON,Monaco,37731,
122,MGL,Mongolia,2959134,3967.829386
123,MAR,Morocco,34377511,2878.201342
124,MOZ,Mozambique,27977863,529.2425561
125,MYA,Burma,53897154,1161.488158
126,NAM,Namibia,2458830,4673.567248
127,NRU,Nauru,10222,9827.544281
128,NEP,Nepal,28513700,743.3229657
129,NED,Netherlands,16936520,44299.76809
130,AHO,Netherlands Antilles*,,
131,NZL,New Zealand,4595700,37807.96728
132,NCA,Nicaragua,6082032,2086.895003
133,NIG,Niger,19899120,358.958152
134,NGR,Nigeria,182201962,2640.290739
135,NOR,Norway,5195921,74400.36978
136,OMA,Oman,4490541,15550.67625
137,PAK,Pakistan,188924874,1434.696665
138,PLW,Palau,21291,13498.66141
139,PLE,"Palestine, Occupied Territories",,
140,PAN,Panama,3929141,13268.11375
141,PNG,Papua New Guinea,7619321,
142,PAR,Paraguay,6639123,4080.951448
143,PER,Peru,31376670,6027.125855
144,PHI,Philippines,100699395,2904.202082
145,POL,Poland,37999494,12554.54755
146,POR,Portugal,10348648,19222.15008
147,PUR,Puerto Rico*,3474182,
148,QAT,Qatar,2235355,73653.39443
149,ROU,Romania,19832389,8972.922518
150,RUS,Russia,144096812,9092.580536
151,RWA,Rwanda,11609666,697.3482281
152,SKN,Saint Kitts and Nevis,55572,15771.9455
153,LCA,Saint Lucia,184999,7735.910484
154,VIN,Saint Vincent and the Grenadines,109462,6739.174833
155,SAM,Samoa,193228,3938.548846
156,SMR,San Marino,31781,
157,STP,Sao Tome and Principe,190344,1669.063268
158,KSA,Saudi Arabia,31540372,20481.74532
159,SEN,Senegal,15129273,899.5798795
160,SCG,Serbia,7098247,5235.142207
161,SEY,Seychelles,92900,15476.01944
162,SLE,Sierra Leone,6453184,653.1318159
163,SIN,Singapore,5535002,52888.74467
164,SVK,Slovakia,5424050,16088.27759
165,SLO,Slovenia,2063768,20726.53989
166,SOL,Solomon Islands,583591,1934.856293
167,SOM,Somalia,10787104,549.2669766
168,RSA,South Africa,54956920,5723.973357
169,ESP,Spain,46418269,25831.58231
170,SRI,Sri Lanka,20966000,3926.174396
171,SUD,Sudan,40234882,2414.723601
172,SUR,Suriname,542975,9485.319244
173,SWZ,Swaziland,1286970,3200.143018
174,SWE,Sweden,9798871,50579.67365
175,SUI,Switzerland,8286976,80945.07922
176,SYR,Syria,18502413,
177,TPE,Taiwan,,
178,TJK,Tajikistan,8481855,925.9118877
179,TAN,Tanzania,53470420,878.9751055
180,THA,Thailand,67959359,5814.769764
181,TOG,Togo,7304578,559.6358767
182,TGA,Tonga,106170,4098.543929
183,TRI,Trinidad and Tobago,1360088,17321.88468
184,TUN,Tunisia,11107800,3872.512084
185,TUR,Turkey,78665830,9125.68759
186,TKM,Turkmenistan,5373502,6672.477544
187,UGA,Uganda,39032383,705.2925695
188,UKR,Ukraine,45198200,2114.954716
189,UAE,United Arab Emirates,9156963,40438.76293
190,GBR,United Kingdom,65138232,43875.96961
191,USA,United States of America,321418820,56115.71843
192,URU,Uruguay,3431555,15573.90092
193,UZB,Uzbekistan,31299500,2132.070368
194,VAN,Vanuatu,264652,2805.314644
195,VEN,Venezuela,31108083,
196,VIE,Vietnam,91703800,2111.138024
197,ISV,Virgin Islands*,103574,
198,YEM,Yemen,26832215,1406.291651
199,ZAM,Zambia,16211767,1304.879014
200,ZIM,Zimbabwe,15602751,924.1438193
,URS,Soviet Union,,
,FRG,West Germany,,
,EUA,United Team of Germany,,
,GDR,East Germany,,
,YUG,Yugoslavia,,
,EUN,Unified Team,,